210,Tar Pits,0,219,1,Fire,1,,,,,,,,
211,Sun Ridge,0,223,1,Fire,2,,,,,,,,
212,Gold Apple Tree,1,223,2,Fire,2,,,,,,,,
213,Bronze Pillar,0,735,3,Fire,1,,,,,,,,
214,Plain of Perpetual Drought,0,8,0,Fire,1,,,,,,,,
215,Magus Temple,1,223,1,Fire,1,,,,1,,,,
216,Alchemists Guild,1,223,1,Fire,1,,,1,,,,,
217,Smoke Forest,1,2,1,Fire,1,1,,,,,,,
218,Rage Wind Heath,1,9,1,Fire,1,1,,,,,,,
219,Bog of Strange Lights,1,134,1,Fire,1,,1,,,,,,
220,Copper Cliff,1,1023,1,Fire,1,,,1,,,,,
221,Stargazers Cliff,1,223,1,Fire,1,,,,1,,,,
222,Desert of Bones,0,8,1,Fire,1,,,,,1,,,
223,Lantern Forest,1,2,1,Fire,1,,,,,,1,,
224,Orichalcum Mine,1,516,2,Fire,,,,,,,,,150
225,Volcano,2,223,0,Fire,3,,,,,,,,
226,Solar Lens,2,223,1,Fire,1,,,,,,,,
227,Solar Circle,2,223,2,Fire,1,,,,,,,,
228,Tower of the Golden Order,2,223,1,Fire,3,,,,2,,,,
229,Tower of the Golden Order,2,223,1,Fire,2,,,,3,,,,
230,Tower of the Golden Order,2,223,1,Fire,2,,,,2,,,,
231,Academy of High Magics,2,223,1,Fire,1,,,,1,,,,
232,Ashen Fields,2,9,1,Fire,1,,,,,,,,
233,Fountain of Fire,2,735,1,Fire,3,,,,,,,,
234,The Steel Ovens,1,17119,0,Fire,,,,,,,,,
235,High Temple of the Magii,1,16607,1,Fire,2,,,,2,,,,
236,The Citadel of Pyriphlegeton,1,17119,2,Fire,4,,,,,,,,
237,The Glowing Hill,1,16607,2,Fire,,,,,,,,,
238,The Fire Prison,1,17119,2,Fire,4,,,,,,,,
239,The Temple of the Raging God,1,16607,2,Fire,2,,,,,,,,
240,The Brass Door Hill,1,16607,3,Fire,3,,,,,,,,
241,Prison of the Desert Sun,2,16392,4,Fire,5,,,,,,,,
242,Fountain of Rubies,2,735,2,Fire,3,,,,,,,,200
243,Dragon Forest,2,16386,2,Fire,2,1,,,,,,,
244,Enchanted Pyre,0,223,1,Fire,1,,,,,,,,
245,Rageflame Tower,1,223,1,Fire,1,,,,,,,,
246,Steam Swamp,1,128,2,Fire,1,,1,,,,,,
247,Smoke Gorge,1,8,2,Fire,1,1,,,,,,,
248,Magma Pit,1,516,2,Fire,1,,,1,,,,,
249,Starfire Crystals,1,4,2,Fire,1,,,,1,,,,
250,Ash Valley,1,8,2,Fire,1,,,,,1,,,
251,Flame Forest,1,2,2,Fire,1,,,,,,1,,
252,City of Ashes,2,16392,2,Fire,1,,,,,1,,,
253,Temple of the Solar Bull,2,223,2,Fire,2,,,,,,,,
254,Thunder Oak,0,223,1,Air,,1,,,,,,,
255,Canyon of Wild Winds,0,95,1,Air,,2,,,,,,,
256,Blasted Heath,1,223,2,Air,,2,,,,,,,
257,Cave of Clouds,0,524,3,Air,,1,,,,,,,
258,Mist Covered Highlands,0,4,0,Air,,1,,,,,,,
259,Desert of Sighs,0,8,1,Air,,1,,,,1,,,
260,Cypress Forest,0,32770,1,Air,,1,,,,,1,,
261,Howling Gorge,1,223,1,Air,,1,,,,,,,
262,Canyon of Playful Winds,1,95,1,Air,,1,,,,,,,
263,Cracked Tower,1,223,1,Air,,2,,,,,,,
264,Elusive Lights,1,735,1,Air,1,1,,,,,,,
265,Ice Mists,1,223,1,Air,,1,1,,,,,,
266,Singing Stones,1,735,1,Air,,1,,1,,,,,
267,Cloud Pillars,1,223,1,Air,,1,,,1,,,,
268,Mirrorlake,1,223,2,Air,,1,2,,,,,,
269,Dragon Cliff,2,223,1,Air,,1,,,,,,,
270,Tower of the Silver Order,2,223,1,Air,,3,,,2,,,,
271,Tower of the Silver Order,2,223,1,Air,,2,,,3,,,,
272,Tower of the Silver Order,2,223,1,Air,,2,,,2,,,,
273,Academy of High Magics,2,223,1,Air,,1,,,,1,,,
274,Cloud Spire,2,223,2,Air,,2,,,,,,,
275,Ivory Tower,2,223,2,Air,,3,,,1,,,,
276,Twin Spire Tower,2,223,1,Air,,1,,,1,,,,
277,Stone Spires,2,8,1,Air,,2,,,,,,,
278,Tempest Spire,2,4,1,Air,,1,,,,,,,
279,Blizzard Valley,2,4,1,Air,,1,1,,,,,,
280,Forest of Joy,1,49154,1,Air,,1,,,,,,,
281,The Cloven Mountain,1,16388,1,Air,,3,,1,,,,,
282,Stairway Mountain,1,16388,1,Air,,2,,1,,,,,
283,Mirror Wall Palace,1,16607,1,Air,,3,,,,,,,
284,The Flailing Forest,1,16386,2,Air,,2,,,,,1,,
285,The Whirlwind of Cyclon,1,16607,2,Air,,4,,,,,,,
286,The Doom Cloud,1,16607,2,Air,,2,,,,2,,,
287,The Inverted Tower,1,17119,3,Air,,4,,,,,,,
288,The Rainbow Shroud,1,16607,3,Air,,2,,,,,2,,
289,Palace of Dreams,2,16385,4,Air,,4,,,1,,,,
290,Dragon Mountain,2,16388,0,Air,,1,,,,,,,
291,Silver Forest,2,2,1,Air,,1,,1,,,,,40
292,Valley of the Roc,2,16388,3,Air,1,1,,1,,,,,200
293,Enchanted Windmill,0,223,1,Air,,1,,,,,,,
294,Whisperwind Tower,1,223,1,Air,,1,,,,,,,
295,Scorchwind Waste,1,8,2,Air,1,1,,,,,,,
296,Saltspray Cliffs,1,64,2,Air,,1,1,,,,,,
297,Copper Mists,1,8,2,Air,,1,,1,,,,,
298,Moonwind Marsh,1,128,2,Air,,1,,,1,,,,
299,Plaguewind Waste,1,8,2,Air,,1,,,,1,,,
300,Thunder Woods,1,223,2,Air,,1,,,,,1,,
301,Dragon Jaws,2,16388,0,Air,1,1,,1,,,,,
302,Tempest Hall,2,223,2,Air,,3,,,,,,,
303,Well of White Water,0,735,1,Water,,,1,,,,,,
304,Mercury Pond,0,735,1,Water,,,2,,,,,,
305,Singing Stream,1,735,2,Water,,,2,,,,,,
306,Weeping Stone,0,735,3,Water,,,1,,,,,,
307,Boiling Bog,0,134,1,Water,1,,1,,,,,,
308,Lake of Mists,1,223,0,Water,,,1,,,,,,
309,Sinkmarsh,0,130,1,Water,,,1,,,,,,
310,Lantern Fens,0,130,1,Water,1,,,,,,,,
311,Geyser,1,223,1,Water,1,,1,,,,,,
312,Pearl Beach,1,64,1,Water,,,,,1,,,,50
313,Waterfall,1,735,1,Water,,1,1,,,,,,
314,Rockside Spring,0,4,1,Water,,,1,1,,,,,
315,Well of Yesterdays Waters,1,735,1,Water,,,1,,1,,,,
316,Corpse Candles' Marsh,0,130,1,Water,,,1,,,1,,,
317,Overgrown Lake,1,223,1,Water,,,1,,,,1,,
318,Lifeless Lake,1,735,1,Water,,,,,,1,,,
319,River Fortress,2,223,1,Water,,,1,,,,,,
320,Bottomless Lake,2,735,1,Water,,,1,,,,,,
321,Mist Swamps,1,130,1,Water,,1,1,,,,,,
322,Academy of High Magics,2,223,1,Water,,,1,,,,,1,
323,Frost Vale,2,4,2,Water,,,1,,,,,,
324,Azure Academy,1,16607,1,Water,,,1,,,,,,
325,Rustwater,1,16607,1,Water,1,,2,2,,,,,
326,The Ferry,1,16607,1,Water,,,1,,,1,,,
327,Mount Frost,1,16388,1,Water,,,2,,,,,,
328,The Forest of the Lake,1,16386,1,Water,,,2,,,,1,,
329,Stony Swamps,1,16514,1,Water,,,,1,,,,,
330,The Frozen Forest,1,16386,2,Water,,,3,,,,1,,
331,The Sea of the Tears of Men,2,16607,2,Water,,,2,,,2,,,
332,The Water Sphere,1,16607,3,Water,,,3,,,,,,
333,The Great Mirror of Maaki,2,16607,3,Water,,1,1,,1,,,,
334,The Sea Underneath,2,17119,4,Water,,,5,,,,,,
335,Temple of the Turning Tide,2,64,1,Water,,,1,,,,,,
336,Black Ice Valley,2,4,1,Water,,,1,,,1,,,
337,Frozen Fountain,2,735,2,Water,,,3,,,,,,
338,Frozen Lands,2,223,0,Water,,,1,,,,,,
339,Academy of the Crescent Moon,2,16607,3,Water,,,2,,2,,,,
340,Well of All Waters,2,16607,3,Water,,,3,,,,,,
341,The Swamp of Dread,2,16512,1,Water,,,1,,,2,,,
342,The Sunless Sea,2,16904,3,Water,,,3,,,,,,
343,Healing Spring,2,223,2,Water,,,1,,,,1,,
344,Enchanted Well,0,735,1,Water,,,1,,,,,,
345,Icebrick Tower,1,223,1,Water,,,1,,,,,,
346,Steam Fountain,1,16,2,Water,1,,1,,,,,,
347,Rain Ridge,1,4,2,Water,,1,1,,,,,,
348,Meltwater Stream,1,4,2,Water,,,1,1,,,,,
349,Moonlit Lake,1,4,2,Water,,,1,,1,,,,
350,Oasis of the Dead,1,8,2,Water,,,1,,,1,,,
351,Double Bottom Lake,1,2,2,Water,,,1,,,,1,,
352,Merman Village,0,64,0,Water,,,,,,,,,
353,Temple of the Sacred River,2,223,2,Water,,,1,,,1,,,
354,Mineral Cave,0,607,1,Earth,,,,1,,,,,
355,Earth Blood Seepage,0,735,1,Earth,,,,2,,,,,
356,Firbolg Fortress,1,223,2,Earth,,,,2,,,,,
357,Iron Cliff,0,1023,3,Earth,,,,1,,,,,
358,Canyon of Sand,1,1023,0,Earth,,,,1,,,,,
359,Mine of Superior Iron,0,4,0,Earth,,,,,,,,,
360,Great Iron Mine,0,516,0,Earth,,,,,,,,,
361,Great Gold Mine,0,516,0,Earth,,,,,,,,,100
362,Great Silver Mine,0,516,0,Earth,,,,,,,,,60
363,Hidden Gold Mine,0,516,1,Earth,,,,,,,,,100
364,Gem Deposits,0,735,1,Earth,,,,,,,,,75
365,Gorge,0,516,1,Earth,,,,1,,,,,
366,Magma Cave,0,516,1,Earth,1,,,1,,,,,
367,Standing Stones,1,223,1,Earth,,1,,1,,,,,
368,Water Filled Cave,1,223,1,Earth,,,1,1,,,,,
369,Chasm of Strange Lights,0,516,1,Earth,,,,1,1,,,,
370,Cave of the Pale Ones,1,735,1,Earth,,,,1,,1,,,
371,Forest of Truffles,0,2,1,Earth,,,,1,,,1,,
372,Entrance,2,735,1,Earth,,,,1,,,,,
373,Tower of the Iron Order,2,223,1,Earth,,,,3,2,,,,
374,Tower of the Iron Order,2,223,1,Earth,,,,2,3,,,,
375,Tower of the Iron Order,2,223,1,Earth,,,,2,2,,,,
376,Academy of High Magics,2,223,1,Earth,,,,1,,,1,,
377,Twice Walled Tower,2,223,1,Earth,,,,1,1,,,,
378,Archaic Fortress,2,223,1,Earth,,,,,,,,,
379,Lost Vale of the Elders,2,4,2,Earth,,,,1,,,1,,
380,Troll Pit,2,735,2,Earth,,,,,,,,,
381,Troglodyte Den,2,735,3,Earth,,,,1,,,,,
382,Runaway Pit,2,735,3,Earth,,,,1,2,,,,
383,Steel Swamps,1,16512,0,Earth,,,1,1,,,,,
384,White Man Hill,1,16607,0,Earth,,,,,,,1,,
385,The Forgotten Fortress,1,16607,2,Earth,,,,3,,1,,,
386,The Jervellan Wall,1,16607,1,Earth,,,,,,,,,
387,Ten Thousand Things,1,735,1,Earth,1,1,1,1,,,1,,
388,The Broken Maze,1,16607,2,Earth,,,,2,1,,,,
389,The Labyrinth,1,16607,2,Earth,,,,2,2,,,,
390,The Chasm of Black Roses,1,16388,3,Earth,,,,1,,2,1,,
391,The Underworld,1,17119,3,Earth,,,,3,,,,,
392,The Statues of the Overlords,2,16607,0,Earth,,,,,,,,,
393,The Cornerstone,2,16607,3,Earth,,,,4,1,,,,
394,The Factory,2,16607,4,Earth,,,,3,,,,,
395,Castle Arcanum,1,16477,1,Earth,1,,,1,,,,,
396,Ancient Forge,2,735,1,Earth,,,,1,,,,,
397,Chamber of Changes,2,735,1,Earth,,,,1,,,,,
398,Standing Stones,2,735,1,Earth,,,,1,,,,,
399,Conjurer's Cave,2,516,3,Earth,,,,1,,,,,
400,The Statue of the Sitting God,0,16607,2,Earth,,,,,1,,,,
401,The Jade Pagoda,2,16607,1,Earth,,,1,1,1,,,,
402,The Imperial Quarry,0,17407,1,Earth,,,,1,,,,,
403,Dolmen,1,17119,1,Earth,,,,1,,,,,
404,Forest of Golden Leaves,2,16386,0,Earth,1,,,1,,,1,,
405,The Vaults Beneath,2,16607,3,Earth,,,,1,,,,,
406,The Deepest Mine,2,16900,2,Earth,,,,4,,,,,
407,The Sun Below,2,16904,4,Earth,4,,,,,,,,
408,Endless Caverns,2,516,2,Earth,,,1,1,,,,,
409,Glowing Caverns,2,516,2,Earth,,,1,,,,2,,
410,The Mosaic Desert,2,16392,2,Earth,1,1,,1,,,,,
411,Villa of Ever Changing Fresques,2,16400,2,Earth,1,1,,1,1,,1,,
412,Bear Mountain,2,16388,0,Earth,,,,2,,,,,
413,The Cliff of Seven Directions,2,16388,3,Earth,,,,1,1,,,,
414,Enchanted Tower,0,223,1,Earth,,,,1,,,,,
415,Earthroot Tower,1,223,1,Earth,,,,1,,,,,
416,Sulphur Cliffs,1,8,2,Earth,1,,,1,,,,,
417,Snowcap Mountain,1,4,2,Earth,,,1,1,,,,,
418,Thundertop Mountain,1,4,2,Earth,,1,,1,,,,,
419,Meteorite Cliffs,1,223,2,Earth,,,,1,1,,,,
420,Iron Tomb,1,516,2,Earth,,,,1,,1,,,
421,Rock Forest,1,2,2,Earth,,,,1,,,1,,
422,Ctonian Gate,2,735,2,Earth,,,,3,,,,,
423,Library,1,223,0,Astral,,,,,,,,,
424,Painted Cave,0,735,1,Astral,,,,,1,,,,
425,Maze,0,735,1,Astral,,,,,2,,,,
426,Monolith,1,223,2,Astral,,,,,2,,,,
427,Crystal Garden,0,735,3,Astral,,,,,1,,,,
428,Lake of Reflected Time,1,223,0,Astral,,,,,1,,,,
429,Strange Opening,1,735,1,Astral,,,,,2,,,,
430,Sages Guild,1,223,1,Astral,,,,,1,,,,
431,Abandoned Laboratory,1,735,1,Astral,,,,,,,,,
432,Crystal Flames,1,735,1,Astral,1,,,,1,,,,
433,Mirror Palace,1,16607,1,Astral,,1,,,1,,,,25
434,Caves of Passing Time,1,735,1,Astral,,,,1,1,,,,
435,Scrying Pool,2,735,1,Astral,,,1,,1,,,,
436,Pyramid of Life,1,223,1,Astral,,,,,1,1,,,
437,Totem Collection,1,223,1,Astral,,,,,1,,1,,
438,Gateway,2,735,1,Astral,,,,,1,,,,
439,Distortion,2,735,1,Astral,,,,,1,,,,
440,Nexus,2,735,1,Astral,,,,,1,,,,
441,Village of Strange Men,2,223,1,Astral,,,,,1,,,,
442,The Ancient Master,1,16607,1,Astral,,,,,,,,,
443,The Crystal Citadel,1,16607,2,Astral,,,,1,1,,,,
444,Citadel of the Lore Masters,1,16607,2,Astral,,,,,2,,,,
445,The Metal Spires,2,16607,3,Astral,,,,,3,,,,
446,The Council of Sages,2,16607,1,Astral,,1,1,1,1,,,,
447,Moon Mages Circle,2,16607,2,Astral,,,,,2,1,,,
448,The Hidden Kingdom of Elludia,2,16607,2,Astral,,,,,3,1,,,
449,The Grey Tower of Nexus,2,16607,3,Astral,,,,,3,,,,
450,The Ultimate Gateway,2,17119,3,Astral,,,,,,,,,
451,Library of Time,2,16607,4,Astral,,,,,4,,,,
452,The Crystal Academy,2,17119,3,Astral,,,,1,1,,,,
453,Temple of the All-Seeing Eye,2,17119,3,Astral,,,,,,,,,
454,Hall of Enlightenment,2,16388,4,Astral,,,,,2,,,,
455,Moonlit Pond of Pearls,2,223,2,Astral,,,,,3,,,,
456,Strange House in the Mist,2,16607,3,Astral,,,,,1,,,,
457,The Cave of Souls,2,16900,1,Astral,,,,,2,1,,,
458,The Mountain of the Past,2,16392,4,Astral,,,,,4,,,,
459,The Endless Field of Cubes,2,16392,4,Astral,,,,,4,,,,
460,Enchanted Gate,0,735,1,Astral,,,,,1,,,,
461,Skywatch Tower,1,223,1,Astral,,,,,1,,,,
462,Nightlight Fen,1,128,2,Astral,1,,,,1,,,,
463,Moon Mirror,1,223,2,Astral,,1,,,1,,,,
464,Mooncatch Lake,1,223,2,Astral,,,1,,1,,,,
465,Mountain Crater,1,4,2,Astral,,,,1,1,,,,
466,Painted Crypt,1,735,2,Astral,,,,,1,1,,,
467,Moonvine Forest,1,2,2,Astral,,,,,1,,1,,
469,The Forgotten City,2,16607,3,Astral,,,,,,,,,
470,Battlefield,0,735,1,Death,,,,,,1,,,
471,Burial Mound,0,223,1,Death,,,,,,1,,,
472,Graveyard of the Damned,0,223,1,Death,,,,,,2,,,
473,Cave of Ghouls,1,735,2,Death,,,,,,2,,,
474,Well of Pestilence,0,223,3,Death,,,,,,1,,,
475,Haunted Village,1,223,0,Death,,,,,,1,,,
476,Gallows,1,223,1,Death,,,,,,1,,,
477,Broken Tower,1,223,1,Death,,,,,,2,,,
478,Forest of the Dead,0,2,1,Death,,,,,,1,,,
479,Ashen Forest,1,10,2,Death,,,,,,1,,,
480,Banefire Braziers,1,735,1,Death,1,,,,,1,,,
481,Windswept Catacombs,1,223,1,Death,,1,,,,1,,,
482,Crypt in the Sand,1,223,1,Death,,,,1,,1,,,
483,Witches Bog,0,134,1,Death,,,1,,,1,,,
484,Catacombs,1,735,1,Death,,,,,1,1,,,
485,Overgrown Graveyard,1,223,1,Death,,,,,,1,1,,
486,Marble Mausoleum,2,735,1,Death,,,,,,1,,,
487,Raven Oak,2,223,1,Death,,,,,,1,1,,
488,Black Tower,2,223,2,Death,,,,,,3,,,
489,Death Mound Downs,2,223,2,Death,,,,,,2,,,
490,Statue of Death,2,735,3,Death,,,,,,2,,,
491,Chillsick Swamp,1,16514,1,Death,,,1,,,1,1,,
492,Leper Fens,1,16513,1,Death,,,1,,,2,,,
493,Grayshade Forest,1,16386,1,Death,,,,,,3,,,
494,Litter Skull,1,17119,2,Death,,,,,,4,,,
495,The Crypt Underneath,1,17119,2,Death,,,,,,3,,,
496,Flesh Garden of Mortal Remains,1,16607,3,Death,,,,,,2,1,,
497,The Bowl of the Lost,1,16607,3,Death,,,,,,1,,,
498,Skull Temple,2,16607,0,Death,,,,,,1,,,
499,Tomb of the Ancients,2,16388,3,Death,,,,,,4,,,
500,The Shaded Lands,2,16607,0,Death,,,,,,3,,,
501,The City of a Thousand Wonders,2,16607,1,Death,1,,,,,2,,,
502,The Mausoleum of the Great Sarlah,2,16607,2,Death,,,,,,3,,,
503,The Shadow Furnace,2,17119,4,Death,1,,,,,4,,,
504,Halls of the Dead,2,735,1,Death,,,,,,1,,,
505,Banefire Forge,2,735,1,Death,1,,,,,1,,,
506,Crown of Darkness,2,16388,4,Death,,,,,,3,,,
507,The Obsidian Sphere,2,16396,3,Death,,,,,,,,,
508,The Draining Stone,2,16392,3,Death,,,,1,,3,,,
509,Well of Darkness,2,735,2,Death,,,,,,3,,,
510,Enchanted Tomb,0,735,1,Death,,,,,,1,,,
511,Bonedoor Tower,1,223,1,Death,,,,,,1,,,
512,Flaming Tomb,1,735,2,Death,1,,,,,1,,,
513,Shademist Swamp,1,128,2,Death,,1,,,,1,,,
514,Plaguewater Stream,1,735,2,Death,,,1,,,1,,,
515,Valley of the Dead,1,8,2,Death,,,,1,,1,,,
516,Silver Sarcophagus,1,735,2,Death,,,,,1,1,,,
517,Carrion Thicket,1,2,2,Death,,,,,,1,1,,
518,The City of the Damned,2,16607,2,Death,,,,,,,,,
519,Glen of Verdant Greenery,0,223,1,Nature,,,,,,,1,,
520,Forest of Delights,0,2,1,Nature,,,,,,,2,,
521,Farm of Plenty,0,223,1,Nature,,,,,,,,,
522,Garden of Weeping Roses,1,223,2,Nature,,,,,,,2,,
523,Grove of Evergreens,0,223,3,Nature,,,,,,,1,,
524,Wild Forest,0,2,0,Nature,,,,,,,1,,
525,Bile Marsh,0,128,1,Nature,,,,,,,,,
526,Hidden Forest,0,2,1,Nature,,,,,,,1,,
527,Stone Circle,1,223,1,Nature,,,,,,,1,,
528,Woodhenge,1,223,1,Nature,,,,,,,1,,
529,Animist's Hut,1,2,1,Nature,,,,,,,1,,
530,Fields of the Fire Flies,1,223,1,Nature,1,,,,,,1,,
531,Whispering Woods,0,2,1,Nature,,1,,,,,1,,
532,Hidden Valley,1,223,1,Nature,,,,1,,,1,,
533,Forest of a Thousand Streams,1,223,1,Nature,,,1,,,,1,,
534,Endless Forest,0,2,1,Nature,,,,,1,,1,,
535,Dying Forest,0,2,1,Nature,,,,,,1,1,,
536,Cottage in the Woods,1,2,2,Nature,,,,,,,1,,
537,Wormwood Marsh,1,130,0,Nature,,,,,,,1,,
538,Hall of Ancient Oaks,2,223,1,Nature,,,,,,,1,,
539,Flower Swamp,1,128,1,Nature,,,,,,,1,,
540,Mandrake Gallows,2,223,2,Nature,,,,,,1,2,,
541,Jungle Temple,2,2,2,Nature,,,,1,,,2,,
542,Maze of Thorn Hedges,2,223,3,Nature,,,,,2,,1,,
543,Horses Vale,1,49375,0,Nature,,,,,,,,,
544,The Cedar Pillars,1,16607,0,Nature,,1,,,,,2,,
545,The Mammoth Forest,1,16386,0,Nature,,,,,,,3,,
546,The Flowering Forest,1,16386,1,Nature,,,,,,,1,,
547,The Cedar Forest,1,49154,1,Nature,,,,,,,2,,
548,Moonvine Circle,1,16607,1,Nature,,,,,1,,1,,
549,The Crown Woods,1,16386,1,Nature,,,,,,,1,,
550,Gateward Valley,1,16607,1,Nature,,,,,,,,,
551,The Motheroak,1,16607,1,Nature,,,,,,,2,,
552,Forest of Avendron,1,16386,2,Nature,,,,2,,,3,,
553,Animist's Tower,1,16386,2,Nature,,,,,,,2,,
554,Vale of the Silver Cattle,1,16607,2,Nature,,,,,,,,,40
555,Forest of the Ape King,1,16386,3,Nature,,,,,,,1,,50
556,The Sacred Glen,1,16607,3,Nature,,,,,,,1,,
557,The Shrouded Lands,1,16607,3,Nature,,2,,,2,,2,,
558,The Gate of Deeper Slumber,2,16607,1,Nature,,,,,,,2,,
559,The Land of Pleasures Unattained,2,16607,3,Nature,,1,,1,,,1,,
560,Soul of the Wild,2,16607,4,Nature,,,,,,,5,,
561,Wolven Gate,2,223,1,Nature,,,,,,,1,,
562,Twisting Woods,2,2,1,Nature,,,,,,,1,,
563,Ancient Forest,2,2,1,Nature,,,,,,,2,,
564,The Vale of Unicorns,2,16386,4,Nature,,,,,,,3,,
565,Forest of Splendor,2,16386,2,Nature,,1,,,,,1,,
566,The Snake Collector,2,16512,3,Nature,,,,,,1,1,,
567,Shrine of the Wild,2,223,2,Nature,,,,,,,3,,
568,Oak of Ages,2,16607,3,Nature,,,,,,,3,,
569,The Valley of Shame,2,16607,1,Nature,,,,,,,1,,
570,The Previous Forest,2,16392,4,Nature,,,,,,,4,,
571,Thorn Wood Heights,1,16386,1,Nature,,,,,,,2,,
572,Poison Glades,1,16386,1,Nature,,,,,,2,1,,
574,Enchanted Field,0,223,1,Nature,,,,,,,1,,
575,Oakwood Tower,1,223,1,Nature,,,,,,,1,,
576,Grove of Revelry,2,2,2,Nature,,,,,,,1,,
577,Tinderwood Forest,1,2,2,Nature,1,,,,,,1,,
578,Mist Forest,1,2,2,Nature,,1,,,,,1,,
579,Flowering Bog,1,128,2,Nature,,,1,,,,1,,
580,Evergreen Mountain,1,4,2,Nature,,,,1,,,1,,
581,Oak of Memories,1,2,2,Nature,,,,,1,,1,,
582,Maggot Woods,1,2,2,Nature,,,,,,1,1,,
583,Telesterion,2,2,2,Nature,,,,1,,,1,,
584,Arena,0,223,0,Blood,,,,,,,,,25
585,Brigand Lair,0,223,1,Blood,,,,,,,,,
586,Academy of War,1,223,0,Blood,,,,,,,,,
587,Damned Merchant,1,223,1,Blood,,,,,,,,1,
588,Fields of Blood,1,1,1,Blood,,,,,,1,,,
589,Blood Henge,2,223,1,Blood,,,,,,,1,,
590,Ebony Tower,2,223,2,Blood,,,,,1,3,,,
591,Summoning Circle,2,735,3,Blood,,,,,,,,,
592,Gore Swamps,1,16512,1,Blood,,,,,,1,1,,
593,Mount Chaining,1,16607,1,Blood,,,,,,,,,
594,The Vale of Infinite Horror,1,16607,1,Blood,,,,,,,,,
595,The Blood Keep,1,16388,1,Blood,,,,,,,,1,
596,Devil's Den,1,16607,2,Blood,,,,,,,,,
597,The Ebony Circle,2,16607,2,Blood,,,,,1,3,,,
598,The Demon Gate,1,16607,3,Blood,,,,,,,,,
599,The Prison of Hearts,1,16607,3,Blood,,,,,,,,,40
600,The Mountain of Power,2,16392,2,Blood,,,,,,,,3,
601,Hall of Flayed Skins,2,16607,4,Blood,,,,,2,2,,,
602,Assassins Guild,2,223,1,Blood,,,,,,,,,
603,Haunted Torture Chamber,2,735,2,Blood,,,,,,1,,,
604,The Blood Rock,2,16388,3,Blood,,,,,,,,,
605,Forest of Pain,2,16386,2,Blood,,,,,,,1,,
606,Red Forest,2,16386,1,Blood,1,,,,,,1,,
607,Bloodleaf Forest,1,2,1,Blood,,,,,,,1,,
608,Bloodstone Mountain,1,4,1,Blood,,,,1,,,,,
609,Bloodwind Waste,1,8,1,Blood,,1,,,,,,,
610,Bloodsucker Fens,1,128,1,Blood,,,1,,,,,,
611,Bloodmarble Mausoleum,1,735,1,Blood,,,,,,1,,,
612,Bloodsplatter Pattern,1,735,1,Blood,,,,,1,,,,
613,Torture Tower,1,16,1,Blood,,,,,,,,,
614,Bloodshade Glen,2,16514,2,Blood,,,,,,,1,,
615,The Slaughterhouse,2,16607,2,Blood,,,,,,,,,
616,The Lodge,2,16607,2,Blood,,,,,,,,1,
617,Pool of Unhealthy Rites,2,735,2,Blood,,,1,,,1,,,
618,Bloodstone Mirror,2,223,2,Blood,,,,,,,,,
619,Tower of the Devil's Bride,1,16607,1,Blood,,,,,,,,,
620,Ancient Temple,0,735,1,Holy,,,,,1,,,,
621,Pool of Sanctity,1,735,2,Holy,,,1,,,,,,
622,Hidden Monastery,1,223,3,Holy,,,,,,,,,
623,Monastery of Light,2,223,0,Holy,,,,,,,,,
624,Convent,1,223,1,Holy,,,,,,,,,
625,Abbey,2,223,1,Holy,,,,,,,,,
626,Temple of Time,2,223,4,Holy,,,,,2,,,,
627,The Marble Temple,1,16607,2,Holy,,,,,,,,,50
628,The Empty Grave,1,17119,3,Holy,,,,,,1,,,
629,The Forgotten Crypt,1,17119,3,Holy,,1,1,1,,,,,
630,The Ward,2,16607,4,Holy,,,,,,,,,
631,The Records of Mankind,2,16607,3,Holy,,,,,,,,,
632,Cave of Dark Rites,1,735,2,Death,,,,,,2,,,
633,Temple of Darkness,1,735,2,Death,,,,,,1,,,
634,Grove Unpleasant,2,223,2,Nature,,,,,,1,1,,
635,Inkpot End,1,16607,0,Death,,,,,,,,,
636,Flesh Eater's Isle,1,16607,2,Death,,,,,,,,,
637,Tower of Seven Tombs,1,16607,3,Death,,,,,,2,,,
638,Seventh House on the Left,2,16607,3,Astral,,,,,,1,,,
639,Gorge of Glowing Fish,0,32,1,Fire,1,,,,,,,,
640,Underwater Cave,1,32,1,Air,,1,,,,,,,
641,Imprisoned Zephyr,2,32,3,Air,,2,,,,,,,
642,Pocket of Air,2,32,1,Air,,2,,,,,,,
643,Diamond Corals,2,32,2,Air,,2,,,,,,,
644,Coral Reef,0,32,0,Water,,,1,,,,,,
645,Clam Field,0,32,1,Water,,,,,1,,,,30
646,Coral Statue,1,32,1,Water,,,1,,,,,,
647,Sunken Island,2,32,2,Water,,,2,2,,,,,
648,Man'o'War Breeding Ground,2,32,2,Water,,,2,,,,,,
649,Sunken Tower,1,32,2,Water,,,1,,,,,,
650,Troll Pit,2,32,2,Water,,,,,,,,,
651,Shrine of the Shark Lords,2,32,0,Water,,,,,,,,,
652,Tower of Pearls,2,32,3,Water,,,1,,2,,,,
653,Isle of Ice,1,16416,1,Water,,,3,,,,,,
654,Academy Underneath,1,16416,1,Water,,,2,,,,,,
655,The Hippocampoi Fields,2,16416,2,Water,,,1,,,,1,,
656,Sentient Current,2,32,2,Water,,,1,,,,,,
657,Underwater Cliff,0,288,1,Earth,,,,1,,,,,
658,Moving Sand Banks,0,32,1,Earth,,,,1,,,,,
659,Basalt Statue,1,288,2,Earth,,,,2,,,,,
660,Isle of the Sea Fathers,1,16416,2,Earth,,,2,,,,,,
661,Kelp Forest,0,32,0,Nature,,,,,,,1,,
662,Kelp Fortress,0,32,1,Nature,,,,,,,1,,
663,Amber Beach Island,2,32,1,Nature,,,,1,,,1,,50
664,Floating Forest,2,32,1,Nature,,,,,,,2,,
665,Kelp Grove,0,32,2,Nature,,,,,,,1,,
666,Coral Garden,1,32,1,Nature,,,,,,,1,,
667,Sea Oak,1,32,2,Nature,,1,,,,,2,,
668,The Amber Halls,2,16416,2,Nature,1,,,,,,2,,
669,The Forest Beneath the Waves,2,16416,2,Nature,,,,,,,2,,
670,Kelp Sea,2,32,0,Nature,,,1,,,,2,,
671,Forest of Amber Kelp,2,16416,2,Nature,1,,1,,,,1,,
672,Sunken Galley,0,32,1,Death,,,,,,1,,,
673,Reef of Sunken Ships,1,32,1,Death,,,,,,2,,,
674,Dying Ground of the Whales,1,16416,2,Death,,,2,,,1,1,,
675,Isle of Death,1,16416,1,Death,,,,,,3,,,
676,Pearl Stairway,2,32,1,Astral,,,,,1,,,,
677,Arcane Gateway,2,288,3,Astral,,,,,1,,,,
678,The Water Solstice,2,16416,2,Astral,,,4,,2,,,,
679,Ancient Temple of the Deeps,0,288,1,Holy,,,1,,1,,,,
680,Fire Rift,1,256,1,Fire,2,,,,,,,,
681,Magma River,2,768,1,Fire,3,,,,,,,,
682,Thermal Vent,0,256,1,Fire,1,,,,,,,,
683,Kraken Pit,2,256,2,Water,,,,,,,,,
684,Cold Currents,0,256,0,Water,,,1,,,,,,
685,Depths Unnamed,0,256,1,Water,,,2,,,,,,
686,Whispering Waters,1,256,1,Water,,,1,,,,,,
687,Glowing Depths,1,256,1,Water,1,,1,,,,,,
688,Falling Depths,1,256,1,Water,,,2,,,,,,
689,Dark Waters,1,256,1,Water,,,1,,,1,,,
690,The Darkness,2,16640,2,Water,,,1,1,,,,,
691,The Gate in the Deep,2,16640,2,Water,,,2,,,,,,
692,Basalt Halls,2,256,2,Earth,,,,3,,,,,
693,City of Stones,1,16640,2,Earth,,,,4,,,,,
694,Caves in the Deep,0,256,0,Earth,,,,1,,,,,
695,Mineral Fingers,1,256,1,Earth,,,,2,,,,,
696,Plateau of Shards,1,256,1,Earth,,,,2,,,,,
697,Long Lost Circle,2,256,2,Earth,,,,1,1,,,,
698,The Basalt Forge,2,16640,2,Earth,,,,1,,,,,
699,Dark Depths,1,256,1,Death,,,1,,,1,,,
700,Ghoul Fish Cave,1,256,1,Death,,,1,,,1,,,
701,The Wasted Sea,1,16640,0,Death,,,,,,2,,,
702,The Sea of Dead Memories,1,16640,1,Death,,,1,,1,1,,,
703,Basalt Pillars,1,256,1,Astral,,,,,1,,,,
704,Labyrinth of the Deeps,2,256,2,Astral,,,,,3,,,,
705,Gorge of Mystery,2,256,2,Astral,,,,,1,,,,
706,The Crater,1,16640,3,Astral,,,,,2,,,,
707,The Last Void,2,16640,3,Astral,,,,,2,,,,
708,The Iron Caverns,1,17152,2,Astral,,,1,1,1,,,,
709,Shambler Reef,0,64,0,Water,,,,,,,,,
710,Navigators Guild,2,64,0,Water,,,2,,,,,,
719,Mirage,0,8,1,Air,,1,,,,,,,
720,Oasis,0,8,1,Water,,,1,,,,,,
721,Great Oasis,2,8,1,Water,,,1,,,,1,,
722,Date Oasis,1,8,1,Nature,,,,,,,1,,25
723,City of Dates,2,16392,0,Nature,,,1,,,,1,,50
724,Oasis of Verdant Greenery,2,16392,3,Nature,,,1,,,,2,,
725,Chitterpalm Oasis,0,8,1,Water,,,1,,,,,,
726,Cavern of Flames,1,512,0,Fire,1,,,,,,,,
727,Underground Lake,1,512,0,Water,,,1,,,,,,
728,Air Shaft,1,512,0,Air,,1,,,,,,,
729,Basalt Wall,1,512,0,Earth,,,,1,,,,,
730,Painted Cavern,1,512,0,Astral,,,,,1,,,,
731,Bone Filled Cave,1,512,0,Death,,,,,,1,,,
732,Mushroom Forest,1,512,0,Nature,,,,,,,1,,
733,Trapped Lights,0,512,1,Fire,1,,,,,,,,
734,Dripping Stones,0,512,1,Water,,,1,,,,,,
735,Trapped Wind,0,512,1,Air,,1,,,,,,,
736,Mineral Deposit,0,512,1,Earth,,,,1,,,,,
737,Spiral Shaft,0,512,1,Astral,,,,,1,,,,
738,Cavern Tomb,0,512,1,Death,,,,,,1,,,
739,Moss Covered Cavern,0,512,1,Nature,,,,,,,1,,
740,Cavern of Rubies,2,512,1,Fire,1,,,1,,,,,100
741,Cavern of Magma,1,512,1,Fire,1,,,1,,,,,
742,Magma Halls,2,512,2,Fire,2,,,1,,,,,
743,Dripping Caverns,1,512,1,Water,,,1,,,,,,
744,Mud Caverns,1,512,1,Water,,,1,1,,,,,
745,Ice Caverns,2,512,0,Water,,,1,,,,,,
746,Stalagmite Cavern,1,512,1,Water,,,1,1,,,,,
747,Mist Caverns,1,512,1,Water,,1,1,,,,,,
748,Gold Deposit,0,512,0,Earth,,,,,,,,,60
749,Silver Deposit,0,512,0,Earth,,,,,,,,,40
750,Copper Deposit,0,512,0,Earth,,,,,,,,,20
751,Iron Deposit,0,512,0,Earth,,,,,,,,,
752,Hidden Gold Deposit,0,512,1,Earth,,,,,,,,,100
753,Hidden Gem Deposits,0,512,1,Earth,,,,,,,,,75
754,Mammoth Cave,2,512,0,Earth,,,,2,,,,,
755,Earth Blood Vein,1,512,2,Earth,,,,2,,,,,
756,Crystal Cavern,0,512,1,Earth,,,,1,1,,,,25
757,Glittering Cavern,1,512,2,Earth,,,,1,,,,,75
758,Buried Temple,2,512,2,Earth,,,,,1,,,,
759,Gemwall Cavern,2,512,3,Earth,,,2,,,,,,100
760,Troglodyte Cave,2,512,3,Earth,,,,1,,,,,
761,The Storm Underneath,2,16896,3,Air,,3,,,,,,,
762,Ancient Tomb,1,512,1,Death,,,,,,1,,,
763,Opulent Tomb,2,512,2,Death,,,,,,2,,,
764,Umbral Cave,2,512,3,Death,,,,,,1,,,
765,Caveman Cavern,1,512,1,Nature,,,,,,,,,
766,Cavern of Ancient Mushrooms,0,512,0,Nature,,,,1,,,1,,
767,Nest of Bats,2,512,1,Blood,,,,,,1,,,
768,The Lesser Abyss,2,16896,1,Blood,,,,,,,,,
769,Splattermaid Gorge,2,16896,2,Blood,,1,,,,,,,
770,Tomb of Seven Oracles,2,16896,3,Death,,,,1,,2,,,
771,Infinite Cavern,2,16896,3,Earth,,,,2,,,,,
772,Riddle Dark,2,16896,3,Earth,,,,2,,2,,,
773,The Umbral Conclave,2,16896,3,Death,,,,,,3,,,
774,The Silent Sea,2,16896,2,Water,,,3,,,,,,
775,The Olm Cavern,2,16896,2,Water,,,1,,,1,,,
776,Halls of Stalagmitic Splendor,2,512,2,Water,,,2,1,,,,,
777,Halls of Imprisoned Sunlight,2,16896,3,Fire,3,,,,1,,,,
778,Undermirks,2,16896,2,Nature,,,,,,1,2,,
821,Glowing Sands,0,256,1,Fire,1,,,,,,,,
822,Sparkling Current,0,32,1,Fire,1,,,,,,,,
823,Crust of Molten Sulphur,0,256,1,Fire,1,,,,,,,,
824,Underwater Volcano,0,256,1,Fire,1,,,,,,,,
825,Smoldering Starfish Colony,0,32,1,Fire,1,,,,,,,,
826,Pond of Lava,1,256,1,Fire,1,,,,,,,,
827,Steaming Stone,1,256,1,Fire,1,1,,,,,,,
828,Boiling Current,1,32,1,Fire,1,1,,,,,,,
829,Floating Rock,0,32,1,Air,,1,,,,,,,
830,Bubbling Fissure,0,32,1,Air,,1,,,,,,,
831,Foaming Waves,1,64,1,Air,,1,,,,,,,
832,Island of Floating Stone,1,32,1,Air,,1,,1,,,,,
833,Scoriatic Cliffs,2,256,1,Air,,1,,,,,,,
834,Cavern of Underwater Ice,0,256,1,Water,,,1,,,,,,
835,Charmed Current,0,32,1,Water,,,1,,,,,,
836,Sweet Water Current,0,32,1,Water,,,1,,,,,,
837,Frozen Deeps,0,256,1,Water,,,1,,,,,,
838,Tears of the Ancients,1,256,2,Water,,,1,,1,,,,
839,Ridge of Ice,0,288,1,Water,,,1,,,,,,
840,Fathoms Deep,0,16640,1,Water,,,1,,,,,,
841,Maelstrom,1,32,1,Water,,,2,,,,,,
842,Rock Crab Colony,0,32,1,Earth,,,,1,,,,,
843,Underwater Stalagmite,0,256,1,Earth,,,,1,,,,,
844,Ridge of Volcanic Glass,0,256,1,Earth,,,,1,,,,,30
845,Meteorite Rock,0,256,1,Earth,,,,1,,,,,
846,Basalt Plateau,0,256,1,Earth,,,,1,,,,,
847,Mountain Underneath,1,256,1,Earth,,,,1,,,,,
848,Fossilized Conch,1,32,1,Earth,,,,1,,,,,
849,Forgotten Crevasse,1,256,2,Earth,,,,1,,,,,
850,Submerged Labyrinth,0,32,1,Astral,,,,,1,,,,
851,Displaced Tunnel,0,256,1,Astral,,,,,1,,,,
852,Arcane Vent,0,256,1,Astral,,,,,1,,,,
853,Shimmering Conchs,0,32,1,Astral,,,,,1,,,,
854,Pearl Farm,0,32,1,Astral,,,,,1,,,,
855,Eye Pebble Plain,1,32,1,Astral,,,,,1,,,,
856,Abyss to the Beyond,1,256,2,Astral,,,,,2,,,,
857,Blasphemous Presense,1,256,1,Astral,,,,,1,,,,
858,Enchanted Current,1,16416,1,Astral,,,,,2,,,,
859,Black Sands,0,32,1,Death,,,,,,1,,,
860,Basalt Ruins,0,256,1,Death,,,,,,1,,,
861,Submerged Catacombs,0,32,1,Death,,,,,,1,,,
862,Stale Current,0,32,1,Death,,,,,,1,,,
863,Black Coral Reef,0,32,1,Death,,,,,,1,,,
864,Field of Undead Clams,1,32,1,Death,,,,,,1,,,
865,Fields of Glowing Algae,0,32,1,Nature,,,,,,,1,,
866,Giant Anemone,0,32,1,Nature,,,,,,,1,,
867,Ridge of Empty Shells,0,256,1,Nature,,,,,,,1,,
868,Wall of Living Kelp,0,32,1,Nature,,,,,,,1,,
869,Monstrous Conch,0,32,1,Nature,,,,,,,1,,
870,Living Sediment,0,32,1,Nature,,,,,,,1,,
871,Lair of the Eel-King,1,256,1,Nature,,,,,,,1,,
872,Breeding Ground of Eels,1,256,1,Nature,,,,,,,1,,
873,Halls of the Drowned,1,16416,1,Death,,,,,,1,,,
874,Sunken Ship of Dread,2,17440,2,Death,,,,,,1,,,
875,The Wormwood Tower,1,16386,3,Nature,,1,,,,1,1,,
876,The Dusk Spiral,1,16386,1,Nature,,,,,,1,1,,
877,Blackrose Tower,1,16386,1,Earth,,,,,,1,1,,
878,The Dusk Spiral,1,16386,1,Death,,,,,,1,1,,
879,Hoburg Holdfast,2,3088,0,Nature,,,,,,,,,
880,Hoburg Settlement,2,16,0,Nature,,,,,,,,,
884,The Halfway Inn,1,16607,0,Astral,,,,,,,,,10
885,Ancient Ruin,1,223,0,Nature,,,,,,,,,
886,Order of the Secret Light,2,17631,1,Holy,,,,,1,,,,
887,Order of the Undying,2,17631,1,Holy,,,,,,,,,
888,Shrine of the Outcast,1,735,1,Holy,,,,,,,,,
889,Temple of the Spider God,2,735,1,Holy,,,,,,,,,
890,Temple of the Hidden Flame,2,735,2,Holy,1,,,,,,,,
891,Temple of Flying Monkeys,2,16607,1,Holy,,,,,,,,,
892,The Martyrs Grave,2,767,1,Holy,,,,,,,,,
893,Cradle of Faith,2,767,1,Holy,,,,,,,,,
894,Pillar of Life,2,17151,1,Holy,,,,,,,,,
895,The Prophet's Sigil,2,767,1,Holy,,,,,,,,,
896,Oracle's Lair,2,767,1,Holy,,,,,,,,,
897,Mountain of Revelation,2,4,1,Holy,,,,,,,,,
898,Place of Prophecy,2,767,1,Holy,,,,,,,,,
899,Stele of Law,2,255,1,Holy,,,,,,,,,
900,Temple of Life and Death,2,16607,1,Holy,,,,,,1,1,,
901,Garden of Longevity,2,16599,2,Holy,,,,,,,,,
902,Smoulderstone,0,223,1,Fire,1,,,,,,,,
903,Wildfire Glade,0,2,1,Fire,1,,,,,,,,
904,Caverns of Glowing Moss,0,516,1,Fire,1,,,,,,,,
905,Glowing Fissure,1,4,1,Fire,1,,,,,,,,
906,Smouldering Maze,1,223,1,Fire,1,,,,,,,,
907,Scorched Tower,2,16607,2,Fire,2,,,,,,,,
908,House of Embers,2,16607,1,Fire,1,,,,,,,,
909,Heart of the Desert,2,16392,3,Fire,2,,,,,,,,
910,Egg of the Phoenix,2,223,3,Fire,2,,,,,,,,
911,House of Aratron,2,16607,2,Fire,2,,,1,,,,,
912,Rune of Fire,1,223,2,Fire,,,,,,,,,
913,Maze of Frozen Flames,2,16591,2,Fire,,,,,,,,,
914,Devil's Furnace,1,16607,3,Fire,1,,,,,,,,
915,Copper Idol,0,223,2,Air,,1,,,,,,,
916,Sparkling Fields,0,223,1,Air,,1,,,,,,,
917,Skysplit Oak,0,87,1,Air,,1,,,,,,,
918,Wailing Woods,1,16386,1,Air,,1,,,,1,,,
919,Nest of Obsidian Snakes,1,223,3,Air,,2,,,,,,,
920,Black Hawk Nest,1,6,2,Air,,1,,,,,,,
921,Ziggurat of Thunder,2,223,1,Air,,2,,,,,,,
922,The Highest Peak,1,16388,2,Air,,1,,,,,,,
923,Pinnacle of Power,2,16607,3,Air,,1,,,,,,,
924,Rune of Air,1,255,2,Air,,,,,,,,,
925,Garden of Frozen Flowers,0,223,1,Water,,,1,,,,,,
926,Wellspring of Secrets,0,223,3,Water,,,1,,,,,,
927,Lake of Living Water,0,223,3,Water,,,1,,,,,,
928,Subterranean Lake,1,512,1,Water,,,1,,,,,,
929,Forgotten Oasis,1,8,1,Water,,,1,,,,,,
930,Plaguewater Oasis,1,8,1,Water,,,,,,1,,,
931,Frozen Glen,1,2,1,Water,,,1,,,,,,
932,Melting Cliffs,1,223,2,Water,,,1,1,,,,,
933,Pool of Perpetual Night,1,16607,3,Water,,,1,,,,,,
934,Enchanted Glacier,1,4,1,Water,,,1,,,,,,
935,Wellspring of the Virgins,2,16607,1,Water,,,1,,,,,,
936,Sign of Nodens,2,16450,3,Water,,,2,,,,,,
937,Rune of Water,1,255,2,Water,,,,,,,,,
938,Pharos,2,16448,1,Water,,,,,,,,,
939,Deep Crevasse,0,255,1,Earth,,,,1,,,,,
940,Mud Field,0,223,1,Earth,,,,1,,,,,
941,Quicksand,0,223,1,Earth,,,,1,,,,,
942,Stone Tree Grove,1,18,2,Earth,,,,1,,,,,
943,Flooded Mines,2,215,1,Earth,,,,1,,1,,,
944,Underworld Entrance,2,223,3,Earth,,,,2,,,,,
945,Abyss,2,255,1,Earth,,,,1,,,,,
946,Heart of the Mountain,2,16388,3,Earth,,,,2,,,,,
947,Basilisk Cave,2,223,2,Earth,,,,1,,,,,
948,Rune of Earth,1,255,2,Earth,,,,,,,,,
949,Unfound Door,0,255,4,Astral,,,,,1,,,,
950,Starlit Pond,0,215,1,Astral,,,,,1,,,,
951,Garden of Pearls,0,215,2,Astral,,,,,2,,,,
952,Impossible Angle,1,223,2,Astral,,,,,1,,,,
953,Moonlit Halls,1,223,1,Astral,,,,,1,,,,
954,Brook of Glimmering Pearls,1,215,1,Astral,,,1,,1,,,,
955,Seer's Grave,2,767,2,Astral,,,,,1,,,,
956,Dreaming Stone,2,767,2,Astral,,,,,,,,,
957,Sorcerer's Circle,2,223,2,Astral,,,,,,,,,
958,Archaic Diagram,2,255,2,Astral,,,,,,,,,
959,Chamber of Enchantment,2,223,2,Astral,,,,,,,,,
960,Unsettling Pattern,2,255,2,Astral,,,,,,,,,
961,Basalt Mirror,2,255,2,Astral,,,,,,,,,
962,Cave of the Sleepers,2,16607,4,Astral,,,,,1,,,,
963,The Gnomon,2,16607,2,Astral,,,,,1,,,,
964,Labyrinth of Skulls,0,223,1,Death,,,,,,1,,,
965,Garden of Bones,0,223,1,Death,,,,,,1,,,
966,Lilium Vale,0,95,2,Death,,,,,,1,,,
967,Murder Bog,1,130,2,Death,,,,,,1,,,
968,Swamp of Shadows,1,128,1,Death,,,,,,1,,,
969,Murdering Mire,1,223,2,Death,,,,,,1,,,
970,Animal Cemetery,1,219,2,Death,,,,,,,,,
971,Gloom Gate,1,255,3,Death,,,,,,2,,,
972,Tomb of the Grand Thaumathurg,2,16479,3,Death,,,,,,1,,,
973,Sigil of the Ancients,2,16639,3,Death,,,,,,,,,
974,Circle of Sending,2,223,2,Death,,,,,,,,,
975,Nidus of Power,2,255,2,Death,,,,,,,,,
976,Conjurer's Circle,2,223,2,Death,,,,,,,,,
977,Plague Barrow,2,223,1,Death,,,,,,1,,,
978,Pit of Despair,2,16607,1,Death,,,,,,1,,,
979,Wolf Oak,0,223,1,Nature,,,,,,,1,,
980,Grove of Fertility,0,215,1,Nature,,,,,,,1,,
981,Druid's Grave,0,223,2,Nature,,,,,,,1,,
982,Lair of Spiders,2,2,1,Nature,,,,,,,1,,
983,Skin Shifter's Barrow,2,223,1,Nature,,,,,,,1,,
984,The Frogmarch,1,16512,1,Nature,,,,,,,1,,
985,Heart of the Forest,2,16386,3,Nature,,,,,,,2,,
986,Field of Golden Rye,1,16,1,Nature,,,,,,,1,,20
987,Withering Woods,2,2,1,Nature,,,,,,1,1,,
988,Grove of Hooded Spirits,2,2,3,Nature,,,,,,,1,,
989,Fungus Forest,1,719,1,Nature,,,,,,,1,,
990,Birdsong Tower,2,17119,1,Nature,,,,,,,,,
991,The Crone,2,16607,2,Nature,,,,,,,,,
992,Thorn Maze,1,95,2,Nature,,,,,,,1,,
993,Earthroot Grove,2,18,1,Nature,,,,,,,1,,
994,Starsong Grove,2,16386,3,Nature,,,,,1,,,,
995,Tree of Life,2,16599,2,Nature,,,,,,,,,
996,Tree of Knowledge,2,16607,2,Nature,,,,,,,,,
997,Tower of the Moon,2,16607,2,Nature,,,,,,,,,
998,Vale of Healing Herbs,2,199,2,Nature,,,,,,,,,
999,Slave Market,1,735,0,Blood,,,,,,,,3,
1000,Forgotten Village,0,2,1,Blood,,,,,,,,1,
1001,Sacrificial Grove,1,18,1,Blood,,,,,,,,,
1002,Bleeding Tree,2,2,1,Blood,,,,,,,1,,
1003,Stained Altar,2,16607,1,Blood,,,,,,,,,
1004,Pentagram,1,223,2,Blood,,,,,,,,,
1005,The First Gate,1,17119,1,Blood,,,,,,,,,
1006,The Second Gate,1,17119,2,Blood,,,,,,,,,
1007,The Third Gate,2,17119,4,Blood,,,,,,,,,
1008,Tower of the Deformer,2,16607,2,Blood,,,,,,,,,
1009,House of Disfigurement,2,16607,2,Blood,,,,,,,,,
1010,Guild of the Merchant Princes,2,17472,0,Astral,,,,,,,,,30
1011,The Golden City,2,17440,0,Water,,,,,,,,,50
1012,Subterranean City,2,17920,0,Earth,,,,,,,,,30
1015,Ruins of the Old Empire,1,1247,0,Death,,,,,,1,,,
1016,Ancient Temple of C'tis,1,1152,0,Death,,,,,,1,,,
1027,Citadel of the Mage King,2,16398,4,Astral,,,,,1,,,,
1028,Necromancer's Lair,2,16398,4,Death,,,,,,2,,,
1029,Tower of Ice,2,16396,4,Water,,,2,,,,,,
1030,Tower of Thorns,2,16386,4,Nature,,,,,,,2,,
1031,Oath Stone,1,16607,4,Death,,,,,,,,,
1032,Isle of Rebirth,2,16416,4,Fire,1,,,,,1,,,
1033,Dragon Lair,2,16388,4,Fire,2,,,,,,,,
